{
    "Accuracy score": 0.9904393353061689,
    "Precision score": 0.9905731159291399,
    "Recall score": 0.9904393353061689,
    "F1 Score": 0.9904394868390876,
    "Loss": 0.031180709574894213
}